source_file,headword
b001_file01,palpalpe
b001_file02,mwanyeme
b001_file03,ngkwerengke
b001_file04,artentyerre
b001_file05,ratneye
b001_file06,akarlpanke
b001_file07,aletharre
b001_file08,ngangkaye
b001_file09,pwelkantye
b001_file10,karlkarle
b001_file11,watyale
b001_file12,impakerte
b001_file13,tyerrkere
b001_file14,ilperalke
b001_file15,katate
b001_file16,teweye
b001_file17,itanperre
b001_file18,apamarre
b001_file19,amerrarte
b001_file20,pakethe
b001_file21,arlepenhe
b001_file22,metyalpe
b001_file23,arnawerre
b001_file24,kwerralye
b001_file25,arwengerrpe
b001_file26,nhaperte
b001_file27,alhekere
b001_file28,arnekwarre
b001_file29,alhepalhe
b001_file30,arlamarre
b001_file31,arrapere
b001_file32,akamperrnge
b001_file33,ngalyerre
b001_file34,pelkere
b001_file35,kwelharre
b001_file36,mwerlerre
b001_file37,ngamperle
b001_file38,arnewetye
b001_file39,penangke
b001_file40,tywetyetye
b001_file41,arlewampe
b001_file42,tharrkarre
b001_file43,tyepale
b001_file44,erlwakake
b001_file45,atetherre
b001_file46,aknganentye
b002_file01,arlewente
b002_file02,ilenyenpe
b002_file03,parlparlpe
b002_file04,tyamperlke
b002_file05,ilpertenye
b002_file06,karlale
b002_file07,kartetye
b002_file08,ilelkennge
b002_file09,tyetyarte
b002_file10,imayele
b002_file11,walethe
b002_file12,thapake
b002_file13,arrkentyere
b002_file14,antatherre
b002_file15,apawerre
b002_file16,apekape
b002_file17,alethange
b002_file18,matyarte
b002_file19,arleyale
b002_file20,tyampete
b002_file21,ratyene
b002_file22,arrewalye
b002_file23,ngarntate
b002_file24,tyerrempe
b002_file25,parlparle
b002_file26,arrpanenhe
b002_file27,nthewangke
b002_file28,alyalpere
b002_file29,peretye
b002_file30,perlere
b002_file31,tyakarre
b002_file32,tyapalye
b002_file33,antyewarle
b002_file34,ralyarre
b002_file35,ngelyerre
b002_file36,thethethe
b002_file37,thenkarre
b002_file38,ngkerrkare
b002_file39,mantarre
b002_file40,mpetyane
b003_file01,perannge
b003_file02,anngayerre
b003_file03,theketheke
b003_file04,arakake
b003_file05,pakwerre
b003_file06,artnarenye
b003_file07,rlwetnperre
b003_file08,errelalye
b003_file09,ngapantye
b003_file10,arrakake
b003_file11,arrangkere
b003_file12,mantalyarrpe
b003_file13,arlelkarenge
b003_file14,arlketyerre
b003_file15,arratnharlkwe
b003_file16,tharrkere
b003_file17,ilateye
b003_file18,maneye
b003_file19,arrewanenye
b003_file20,ngwetyanpe
b003_file21,arrwekelenye
b003_file22,Arlperrnhayte
b003_file23,arlkawarre
b003_file24,errwelenge
b003_file25,ralharre
b003_file26,anatyaylewene
b003_file27,mataye
b003_file28,arrngernangkere
b003_file29,twatyele
b003_file30,tawene
b003_file31,anterewanenye
b003_file32,akweltyayte
b003_file33,arteperinte
b003_file34,napennge
b003_file35,maranye
b003_file36,anewarte
b003_file37,pwerlepe
b003_file38,kwelparre
b003_file39,nyetyepe
b003_file40,kwetengarre
b004_file01,taltale
b004_file02,pwarnerrwenge
b004_file03,rathape
b004_file04,pwelerrnge
b004_file05,pwayntenge
b004_file06,arntweltepeltepe
b004_file07,taltyakwerle
b004_file08,pantharre
b004_file09,arratweke
b004_file10,nekelethe
b004_file11,anekwarre
b004_file12,rapete
b004_file13,arengkelepenhe
b004_file14,arlkalkenhe
b004_file15,arntatherrke
b004_file16,akampampe
b004_file17,alkaperte
b004_file18,mernantye
b004_file19,twaylpaylpe
b004_file20,manatwerrpe
b004_file21,ilpakake
b004_file22,akantharlkwe
b004_file23,errwangerre
b004_file24,kwerrpere
b004_file25,tatarrpe
b004_file26,tangkeye
b004_file27,mantharre
b004_file28,erlkwetyerlkwe
b004_file29,kwenyakerre
b004_file30,erlwenkelpe
b004_file31,ikerrentye
b004_file32,akeyarre
b004_file33,artetyerretyerre
b004_file34,Erreyakwerre
b004_file35,artapalye
b004_file36,ankengarrete
b004_file37,mpertaltye
b004_file38,antarrkerte
b004_file39,ntarrkerte
b004_file40,akatnperre
b004_file41,arnkwanenye
b004_file42,peleweye
b004_file43,akangkwarre
b004_file44,arraynterrke
b004_file45,erremale
b004_file46,errkertatye
b004_file47,alkenhengenye
b004_file48,Kwenteltye
b004_file49,antengethwerrpe
b004_file50,mwelyare
b004_file51,Pengarte
b004_file52,Thwetherraye
b004_file53,ntyangkwelke
b004_file54,pentyethe
b004_file55,ahaltyerre
b004_file56,apartange
b004_file57,nantewe
b004_file58,antyarrkarle
b004_file59,nthekangkwe
b004_file60,ranentye
b004_file61,artepempwere
b004_file62,arrelkarte
b004_file63,akalpalpe
b004_file64,merlalpe
b004_file65,marlalperre
b004_file66,kwertare
b004_file67,arrngapenye
b004_file68,arlengarenye
b004_file69,rlwengkaye
b004_file70,kwentanyerre
b004_file71,angwerretye
b004_file72,aherrarlwethe
b004_file73,kweyepeye
b004_file74,alyalkarre
b004_file75,Altyerrarenge
b004_file76,tarrenye
b004_file77,alkentherle
b004_file78,arapalye
b004_file79,ngarrparenye
b004_file80,enngelheye
b005_file01,aywerlarrenke
b005_file02,rlwewaylenke
b005_file03,alyatywerenge
b005_file04,ngarrete
b005_file05,ilperlperrnge
b005_file06,errwekenye
b005_file07,pelawe
b005_file08,terethe
b005_file09,errwewangke
b005_file10,kwetnenyiperre
b005_file100,arrakwerakwere
b005_file11,aharlaytnenke
b005_file12,nthelarte
b005_file13,akngwakarrenke
b005_file14,menhenge
b005_file15,artemperreye
b005_file16,kaytetye
b005_file17,alarranenke
b005_file18,akakarrenke
b005_file19,pewapele
b005_file20,ngwenyarre
b005_file21,peyake
b005_file22,tywerlele
b005_file23,wantapenye
b005_file24,tyakerre
b005_file25,akngwerrelepenhe
b005_file26,anthaylpennge
b005_file27,ahangeye
b005_file28,apmerangke
b005_file29,ilpantharrenke
b005_file30,anngenyanngele arenke
b005_file31,tyewaketye
b005_file32,arnwengkarrenke
b005_file33,arntewarnte
b005_file34,thamparteye
b005_file35,errwenyenke
b005_file36,akwerterrpe
b005_file37,arrathatnenke
b005_file38,arlengarlentye
b005_file39,kwetyentye
b005_file40,tyapenpe
b005_file41,yewaye
b005_file42,thwepengkarle
b005_file43,ahaylenge
b005_file44,waylpale
b005_file45,errkwerele
b005_file46,elwewenhake
b005_file47,arnkwantyarrenke
b005_file48,aharrenke
b005_file49,ampwarrenke
b005_file50,marntepale
b005_file51,erlwarrkentye
b005_file52,ilayempilaye
b005_file53,pereltye
b005_file54,elampetnhenke
b005_file55,etntarenke
b005_file56,ntewenhe
b005_file57,nekete
b005_file58,kemparle
b005_file59,yerrakwerre
b005_file60,arnangarrenke
b005_file61,enewaylenge
b005_file62,kwepalepale
b005_file63,ngayakwerre
b005_file64,marlatyatye
b005_file65,yakwethe
b005_file66,wentyaylenke
b005_file67,arlkereye
b005_file68,elpalhapenye
b005_file69,ratnywenke
b005_file70,tyatyarlkwerre
b005_file71,tyaname
b005_file72,rwekemaylenke
b005_file73,arnkampeye
b005_file74,ngerleyerleye
b005_file75,akerlpayte
b005_file76,alwengkarrenke
b005_file77,aperrpetnkenke
b005_file78,werretyerre
b005_file79,ankertarenge
b005_file80,angkakake
b005_file81,errpatye tyampe
b005_file82,lhaytnarrenke
b005_file83,ngkahanterre
b005_file84,waltake
b005_file85,angkwerrewenke
b005_file86,akngapetyarrenke
b005_file87,yathenke
b005_file88,layeke
b005_file89,pwengkarrenke
b005_file90,kwenkarte
b005_file91,akertewe
b005_file92,ilpangkenke
b005_file93,wartayarrenke
b005_file94,karrmathe
b005_file95,kngwarraye
b005_file96,akwerrkepenhe
b005_file97,taperre
b005_file98,ilparlarrenke
b005_file99,arrarrarrarrenke
b006_file01,apenerne
b006_file02,antewaretye
b006_file03,aretye
b006_file04,arekelperle
b006_file05,aritarre
b006_file06,apekathe
b006_file07,ahanterre
b006_file08,akeyarre
b006_file09,aperteye
b006_file10,areparle
b006_file11,arekenye
b006_file12,arilenke
b006_file13,arepilpe
b006_file14,arekerre
b006_file15,arralkenke
b006_file16,apepange
b006_file17,arratweke
b006_file18,arine
b006_file19,ahakeye
b006_file20,akeleye
b007_01,kwelteringke
b007_02,alkwenke
b007_03,tyekwatyekwe
b007_04,ntwengatherre
b007_05,artwerinenke
b007_06,pwerrere
b007_07,arntwenpe
b007_08,alperrantyeye
b007_09,twelarrenke
b007_10,nkwartetye
b007_100,anteyernenye
b007_11,kwarte
b007_12,kinteltyewe
b007_13,ikwarre
b007_14,kwetange
b007_15,rewete
b007_16,yepe
b007_17,ahenawe
b007_18,antywarrme
b007_19,apwe
b007_20,kwereyenge
b007_21,altywarte
b007_22,ertntwenke
b007_23,mpwerilenke
b007_24,alkwerilpe
b007_25,ntelhelepwenke
b007_26,apmarleye
b007_27,lthewenke
b007_28,mpwenye
b007_29,kentheye
b007_30,twetheme
b007_31,alangkwe
b007_32,mpwerlethingke
b007_33,yamenye
b007_34,akweltye
b007_35,errkwapenke
b007_36,elhangkwarre
b007_37,elpeye
b007_38,yarrtye
b007_39,errthwe
b007_40,pweparrenke
b007_41,warle
b007_42,arekwarre
b007_43,kweltetye
b007_44,wanapare
b007_45,artweye
b007_46,antekwernite
b007_47,kwene
b007_48,akngwelenite
b007_49,yapeke
b007_50,mawenarre
b007_51,parewe
b007_52,elwewe
b007_53,rewenhe
b007_54,teye
b007_55,yate
b007_56,antywe
b007_57,pwarne
b007_58,arrereye
b007_59,alewetnhenke
b007_60,twetwete
b007_61,waye
b007_62,yerrampe
b007_63,payteye
b007_64,mpweranenke
b007_65,artnankewenke
b007_66,arrewenhe
b007_67,elwakakeye
b007_68,ntyalpewenke
b007_69,tywerrkarle
b007_70,arntwe
b007_71,mpwertetyenge
b007_72,kwake
b007_73,pwerrtye
b007_74,mpwewanthe
b007_75,ikeye
b007_76,kweye
b007_77,napeye
b007_78,wampere
b007_79,nanikwerte
b007_80,twerarte
b007_81,mpwarenke
b007_82,mpwewake
b007_83,angwenthangwe
b007_84,arntengeye
b007_85,kwerrme
b007_86,anngwannginenke
b007_87,entwerrkere
b007_88,antywere
b007_89,errwewantheyenge
b007_90,ampwetyampe
b007_91,alhewere
b007_92,ngkwerrme
b007_93,ampwerrke
b007_94,kwerlepe
b007_95,kwertenye
b007_96,akwerrpe
b007_97,kwerrpanenke
b007_98,ertwepakenke
b007_99,ampweye
b008_01,thakwe
b008_02,yenke
b008_03,arrpwenke
b008_04,erltwatye
b008_05,ngkwepeyarenye
b008_06,nthangkwarrarte
b008_07,ertnngwe
b008_08,lpangwerre
b008_09,pwerepe
b008_10,pweletnhenke
b008_100,kwete
b008_101,wantartaye
b008_102,antywantye
b008_103,wertilpe
b008_104,kwenemangkerre
b008_105,twempere
b008_106,apangwe
b008_107,arawe
b008_108,yerlapenke
b008_109,erltwente
b008_11,ngatywelarre
b008_110,angwerrelenye
b008_111,werrperrpe
b008_112,kwetewenke
b008_113,kwerrenenke
b008_114,ahernaynewene
b008_115,tyenangkwerre
b008_116,entwe
b008_117,ertntwere
b008_118,tyerewenke
b008_119,kwenyele
b008_12,wenke
b008_120,errtywerle
b008_121,arrpwantye
b008_122,ampeltyeye
b008_123,terawethe
b008_124,ertntwerakwenke
b008_125,kwenpe
b008_126,akwernterrenge
b008_127,ltywerewenke
b008_128,yewe
b008_129,ngwenge
b008_13,akwerretethe
b008_130,kwetyarenke
b008_131,werrtye
b008_132,yangkenke
b008_133,etelepwenke
b008_134,akwetyerrepenke
b008_135,tyewartweyarte
b008_136,akwe
b008_137,ikngethelewenke
b008_138,nkwernarlepenhe
b008_139,pwertaye
b008_14,arretyangkwarre
b008_140,ngwemernte
b008_141,ilpaytelhewenke
b008_142,pwelpe
b008_143,arawerrenge
b008_144,akiwelawelapenke
b008_145,angwarenke
b008_146,mpwewenhanthe
b008_147,nkwerleye
b008_148,enthwenke
b008_149,kwapeke
b008_15,angkwerre
b008_150,kwathenke
b008_151,ywekenke
b008_152,mpwarrtye
b008_153,pwerrethe
b008_154,kwetere
b008_155,etnweye
b008_156,ngwaynenke
b008_157,wantinenke
b008_158,twelharrenke
b008_159,twererre
b008_16,tyetyeye
b008_160,etnteye
b008_161,thwerelpe
b008_162,elkwatherre
b008_163,erlkwethe
b008_164,arretyetheye
b008_165,arretyatherrewe
b008_166,etnkwele
b008_167,ntweletnhenke
b008_168,errtywengepenke
b008_169,aherrkertewe
b008_17,awerantyerrnge
b008_170,kwentyelerrpere
b008_171,kwentewale
b008_172,artepwele
b008_173,etnkwelthitarre
b008_174,errngerneye
b008_175,ilkwenke
b008_176,ampwerte
b008_177,mpwarle
b008_178,parlalikwe
b008_179,alepeye
b008_18,thwerine
b008_180,pantyeye
b008_181,ltywere
b008_182,arnaweye
b008_183,mpweyampe
b008_184,artwerrtye
b008_185,kwekweke
b008_186,akngkwene
b008_187,alemewethewe
b008_188,errtywalthe
b008_189,warenpe
b008_19,ntwemerre
b008_190,pwerrkere
b008_191,twepewenke
b008_192,anakapeltherreye
b008_193,ilkwennge
b008_194,angwerrme
b008_195,aperleye
b008_196,ethwenke
b008_197,lewenke
b008_198,alenyenpewenke
b008_199,tharlkwe
b008_20,twetime
b008_200,kwetyenke
b008_21,mpwerelenge
b008_22,arntwarrenke
b008_23,kwahanterre
b008_24,aparnelakwenke
b008_25,arletyaynewene
b008_26,apeyawe
b008_27,naynewe
b008_28,mpewe
b008_29,aytwelke
b008_30,tyepelyakwe
b008_31,ngkweltyewenke
b008_32,mwernakeletheye
b008_33,anthwerrke
b008_34,pwelyerrelyerre
b008_35,tweperelhaylenke
b008_36,pwarrtyenke
b008_37,kwertengerle
b008_38,kngwere
b008_39,arrewe
b008_40,ilpewe
b008_41,ayterewenke
b008_42,arltwerrnhewenke
b008_43,pwelaparrenke
b008_44,wantepe
b008_45,ngkwethe
b008_46,angkwetyarrenke
b008_47,anthwenginenke
b008_48,pwetnkenke
b008_49,ikwelaytnenke
b008_50,pwetyeme
b008_51,mpwe
b008_52,kwetnaye
b008_53,ahepertewe
b008_54,erlkwampenke
b008_55,Mpetyakwerte
b008_56,errkwenke
b008_57,twerethe
b008_58,arntewerrpere
b008_59,alhengkweltye
b008_60,wethe
b008_61,kwelke
b008_62,kwerrene
b008_63,akngwerrelenye
b008_64,wilpilpe
b008_65,mpwewenhe
b008_66,arltwerrparrenke
b008_67,thwerrempe
b008_68,tywengetywenge
b008_69,arlpawe
b008_70,kwemeye
b008_71,pwekarnane
b008_72,errwewenhanthe
b008_73,erlkwampenge
b008_74,rrpwere
b008_75,pwaltyewenke
b008_76,arlperteyele
b008_77,anenkeye
b008_78,ngkwarlemaynteye
b008_79,lwengkelareye
b008_80,wantepenhe
b008_81,mpwengelerrpe
b008_82,ware
b008_83,pwepelarrenke
b008_84,wale
b008_85,angkwere
b008_86,ngwalkere
b008_87,marlekalyeyalyeye
b008_88,arrepwenge
b008_89,elwewenhe
b008_90,errkawe
b008_91,tyamernangkwerrarte
b008_92,renhetheye
b008_93,kwelkarrenke
b008_94,kwenkenayte
b008_95,twetipenke
b008_96,ltyweltye
b008_97,akwertitenge
b008_98,weltyarrenke
b008_99,enkwe
b009_01,ngkengwarre
b009_02,rlwampe
b009_03,erlwaperinenke
b009_04,elwanthe
b009_05,arlewampe
b009_06,arlware
b009_07,erlwarenge
b009_08,akngwakaylenke
b009_09,erlwate
b009_10,ngwalkere
b009_11,ngwarre
b009_12,arlewatyerre
b009_13,rlwakite
b009_14,ahenewatye
b009_15,akngwakarrenke
b009_16,anngwannginenke
b009_17,arretyamernewarle
b009_18,erlwatye
b009_19,Kngwarraye
b009_20,alhewapelarrenke
b009_21,tyamernewanenyarte
b009_22,lewarrenke
b009_23,mwantye
b009_24,nwanpenke
b009_25,nthepelewarle
b009_26,erlwatnyenke
b009_27,arlengewatye
b009_28,elewarte
b009_29,erlwaytenke
b009_30,mwate
b009_31,erlwakake
b009_32,mwanyeme
b009_33,rlwatnkarrenke
b009_34,ingwanenkerne
b009_35,erlwalenke
b009_36,renhewarte
b009_37,angwarlpe
b009_38,erlwalhwenke
b009_39,amwarenke
b009_40,erlwalperarre
b009_41,ertnwanthe
b009_42,rlwarre
b009_43,erlwalpenke
b009_44,elewarre
b009_45,tnwanentye
b009_46,erlwarenke
b009_47,ngwaynenke
b009_48,erlwame
b009_49,anewarte
b009_50,alemewane
b009_51,elwake
b009_52,erlwanenke
b009_53,erlwarrkentye
b009_54,amware
b009_55,angwarenke
b009_56,elwakakeye
b009_57,rlwaylpe
b009_58,enewaylenge
b010_001,nyamernarte
b010_002,ilpentye
b010_003,errwewakeyenge
b010_004,karrnge
b010_005,pentyenwike
b010_006,arreyew
b010_007,lkwethelkerrnge
b010_008,anngwaninenke
b010_009,alkerarle
b010_010,arlperr-arlperre
b010_011,ilperte
b010_012,ilpartnpenke
b010_013,nharte
b010_014,erlwintinte
b010_015,akwatnhenke
b010_016,ahentye twerrk-twerrkarrenke
b010_017,arwekerte
b010_018,alparrantyeye
b010_019,akngapakngapinenke
b010_020,arrwerlperlpe
b010_021,enke
b010_022,errpapenke
b010_023,nyamparle
b010_024,nthanane
b010_025,arramilenke
b010_026,tyekerre
b010_027,ahereknge
b010_028,wererre
b010_029,errwewanthe
b010_030,etnwerrngayte
b010_031,akertemengkwe
b010_032,akertere
b010_033,yernte
b010_034,ametye
b010_035,arrelkere
b010_036,aherrke arrpanenhe
b010_037,arntine
b010_038,arlparletye
b010_039,alpwelye
b010_040,ntwengetherre
b010_041,arrkarre
b010_042,wante
b010_043,arrtyel-arrtyele
b010_044,alhewapelarrenke
b010_045,etnwinte
b010_046,erlwatnyenke
b010_047,arrkwep-arrkwenke
b010_048,pakete
b010_049,arrtyaytnenke
b010_050,anngeyarre
b010_051,kartene
b010_052,payemaylenke
b010_053,elketnhenke
b010_054,aherekngarrenke
b010_055,petye
b010_056,arrerewantyenke
b010_057,impatye
b010_058,arepwelpwele
b010_059,ntyweye
b010_060,ahenenye
b010_061,arrthwarrthe
b010_062,antye
b010_063,akngwerrerlenye
b010_064,arretyewakerte
b010_065,artelhelkere
b010_066,arntewarnt-arntewarnte
b010_067,artne
b010_068,tyererre
b010_069,errewake
b010_070,enwenke
b010_071,kngwerame-kngwerame
b010_072,ngkwerne-ngkwerne
b010_073,anentye
b010_074,arrtye
b010_075,ahenelke
b010_076,iler-ilerewenke
b010_077,alerterrpeterrpe
b010_078,arrengkere
b010_079,akerte
b010_080,ahererre arenke
b010_081,pelye
b010_082,alety-aletye
b010_083,karlerrkwelerrkwe
b010_084,antyanty-eletnhenke
b010_085,kwentye
b010_086,nyakerrarte
b010_087,errwewangk-errwewangke
b010_088,errwenye
b010_089,ilek-ileke
b010_090,arle
b010_091,arrenyakerre
b010_092,apartaperte
b010_093,elatnarrenke
b010_094,apennge
b010_095,arrengkwengkwe
b010_096,arrkengeyarre
b010_097,tyetyimperre aperinenke
b010_098,arlperteyarrenke
b010_099,ltharte
b010_100,arrkaye
b010_101,mamperle-mamperle
b010_102,tyarlimperrimperre
b010_103,kwetape arrtyenke
b010_104,arleng-arlenge
b010_105,ake kwenke
b010_106,elpaye
b010_107,ameng-atyewe-atyewe
b010_108,akepe
b010_109,anywerrarenke
b010_110,ntheke
b010_111,ltyampenke
b010_112,karnaketye
b010_113,antyertarrenke
b010_114,tyenaperte
b010_115,alenyenpekwenke
b010_116,ntywenke
b010_117,aleyakenyayne
b010_118,enngwerre
b010_119,althekalthe
b010_120,errpanenke
b010_121,errwenyenk-errwenyenke
b010_122,twetetnenke
b010_123,etnmernte
b010_124,tyate
b010_125,ahene arrtyenke
b010_126,erlkwe
b010_127,artengepwite
b010_128,erltwent-erltwente
b010_129,kwetne
b010_130,tyartetyarlatnarrenke
b010_131,karntewarre
b010_132,pathikele
b010_133,elentye
b010_134,karlayntenhe
b010_135,ahaylengkilere
b010_136,intwemele
b010_137,artenyele
b010_138,Ahaylenge
b010_139,arrenkerne
b010_140,tyamernapenharte
b010_141,arrwerlperlpe
b010_142,ameyake
b010_143,arremarrele
b010_144,artnmane
b010_145,arlpatye
b010_146,alhwerrnge
b010_147,weye
b010_148,ilpapenke
b010_149,peyawe
b010_150,arrpenke
b010_151,ntweperte
b010_152,artenyam-artenyame
b010_153,anter-anteyane
b010_154,anakapetherreye
b010_155,arlpetharlpe
b010_156,arlkenye
b010_157,impenh-impenhe
b010_158,impenharrenke
b010_159,perretetye
b010_160,ilenke
b010_161,erlweralkenke
b010_162,arrewenhamerne
b010_163,arteterre
b010_164,alewetnenke
b010_165,aleme arntwe
b010_166,arreny-arrenye
b010_167,lwempe
b010_168,ahentye arrtyenke
b010_169,tyarrpe
b010_170,ertwen-ertwene
b010_171,akwenterrrenge
b010_172,elkwenke
b010_173,artety-artetye
b010_174,apawarre
b010_175,arrkite
b010_176,ilewelpe-wenke
b010_177,enterrkeketye
b010_178,arrkwenty-arrkwentye
b010_179,ngwenye-ngwenye arenke
b010_180,pererre-pererre
b010_181,elpate
b010_182,yapeye
b010_183,ileke
b010_184,arremarrarrenke
b010_185,amperrkenke
b010_186,arrengkwe
b010_187,errkepe
b010_188,ntyerrele
b010_189,errime
b010_190,ngkweltye-ngkweltye
b010_191,kwerrke
b010_192,ketyel-angkenke
b010_193,lhewelpathenke
b010_194,apiwarrenke
b010_195,alkenham-alkenhame
b010_196,kwetethe
b010_197,arrkengeyarre
b010_198,ahernelapenye kwene
b010_199,tyelyelyarrenke
b010_200,erlwenge arenke
b011_001,arey-arrenke
b011_002,ahewe ankeye angkenke
b011_003,ayweng-aywenge aperinenke
b011_004,ahenentye arrel-aytenke
b011_005,ahetnyenke
b011_006,tyelepetyelepe
b011_007,akepe etarrenke
b011_008,arlerinenke
b011_009,ntyerlparrenke
b011_010,alemepenhe
b011_011,amarrenke
b011_012,arrerentye
b011_013,parrkelye
b011_014,ngkwethe-ngkwethe
b011_015,kangkele
b011_016,erlkenke
b011_017,artennge
b011_018,arntek-arnteke
b011_019,altyerre
b011_020,artengamerne
b011_021,angerterrke
b011_022,ilpakenke
b011_023,arrethinenke
b011_024,arrelyarrenke
b011_025,ahertetye
b011_026,artenhe
b011_027,artenge
b011_028,ahenge althilenke
b011_029,alemerre
b011_030,artarr-artarre
b011_031,artntimpentye
b011_032,arnkentyarenye
b011_033,arterrpe
b011_034,angampekarle
b011_035,lhangkenke
b011_036,ertwenke
b011_037,arengkalenye
b011_038,akngwe
b011_039,aperinenke
b011_040,aherrkele ampenke
b011_041,apale
b011_042,anike
b011_043,arteperrpente
b011_044,etnhenke
b011_045,arnkentye
b011_046,ngkwernerrpe-ngkwernerrpe
b011_047,errwewangkeyenge
b011_048,ahenentye
b011_049,elet-elete
b011_050,ltware
b012_01,akarlangkw-arlangkwe
b012_010,ahene anteyane
b012_011,artarre
b012_012,lthele-lthele
b012_013,arrkwentye
b012_014,arrngampenye
b012_015,arapalyapalye
b012_016,arretyetherrewe
b012_017,arrmaly-atnthenke
b012_018,elweme
b012_019,ilenpenye
b012_02,lwengereke-lwengere
b012_020,alakare
b012_021,anpanpeletnhenke
b012_022,kwerripe
b012_023,akeyewe
b012_024,ipmerre
b012_025,anngerrentye
b012_026,ararr-ararre
b012_027,aytankerne
b012_028,ampenke
b012_029,arrere
b012_03,tyarlenye
b012_030,ilentye
b012_031,antyert-antyerte
b012_032,ntyerrme
b012_033,ntingke
b012_034,lhwelenke
b012_035,ertnwethe
b012_036,Petyarre
b012_037,ime
b012_038,ngayele
b012_039,arrmathinenke
b012_04,arelty-areltye
b012_040,arrtyenke
b012_041,errakeretnyenke
b012_042,elkweyenenke
b012_043,tyepelengarte
b012_044,ampilenke
b012_045,ngarrpe
b012_046,akeyalthe
b012_047,arrkngerte
b012_048,aherre
b012_049,althenke
b012_05,alyweke
b012_050,kngwarraye-kngwarraye
b012_051,arrwekele
b012_052,arrenye
b012_053,artnnge
b012_054,arlwerrpe
b012_055,elwewantheyenge
b012_056,tyayengatyaye
b012_057,enewarre-mankwere
b012_058,entyerrm-entyerrme
b012_059,warrkene
b012_06,ahererre
b012_060,lhertewenke
b012_061,kantye
b012_062,arrelpathenke
b012_063,tyelayethe
b012_064,elweweyenge
b012_065,arlentye
b012_066,altyekaltyeke
b012_067,alkanye
b012_068,kantine
b012_069,arrelketyelketye
b012_07,amenge errkweny-errkwenye
b012_070,karlwe-karlwe
b012_071,arlperre
b012_072,inte
b012_073,errkalthilenke
b012_074,arrkerenyarrenke
b012_075,arlperrnhayte
b012_076,perlape
b012_077,kngwerentyenge
b012_078,ilpelhe
b012_079,althwalthe
b012_08,etnterte
b012_080,kwetare
b012_081,elpe
b012_082,ngkwernerrpe
b012_083,alekilparte
b012_084,anthwerrenge
b012_085,ingway-ingwaye
b012_086,aperrernenyenke
b012_087,aherrke errwele
b012_088,ngkwengke
b012_089,arrewethewarle
b012_09,ahentye twerrke-twerrke
b012_090,akeyewelewel-apenke
b012_091,etnwint-wtnwinte
b012_092,alpwartenke
b012_093,Altyerrelayethe
b012_094,arrenge atnhenke
b012_095,entelpe
b012_096,artenty-artentye
b012_097,kapateye
b012_098,arrepwenge-pwenge
b012_099,arlkeny-arlkenye
b012_100,arntepe
b012_101,arrpernkenke
b012_102,lherrme
b012_103,arrepwentye-pwentye
b012_104,lwengeretherre
b012_105,etntyarrenke
b012_106,tyewe
b012_107,peyakele
b012_108,amparrkarrenke
b012_109,alkenh-alkenhe
b012_110,artenke
b012_111,kante
b012_112,arerrnge
b012_113,ilkeraytnenke
b012_114,akatnywenke
b012_115,akerrthe
b012_116,entinenke
b012_117,wilkarre
b012_118,errwempaltye
b012_119,errkelh-errkelhe etnyenke
b012_120,ntweperte-ntweperte
b012_121,errwewenhake
b012_122,ngimarre
b012_123,laleye
b012_124,nyanye
b012_125,kite
b012_126,errwerinenke
b012_127,enente
b012_128,errwempere
b012_129,kartate
b012_130,eltewenke
b012_131,kerle
b012_132,angerletwenke
b012_133,peltye
b012_134,alwerrnge
b012_135,ahenge alarrenke
b012_136,ngentye
b012_137,kwerlperlpe
b012_138,errkwetethe
b012_139,lwematnenke
b012_140,entye
b012_141,arlangkwe
b012_142,kwerrme-kwerrme
b012_143,entyenye aywekert-aywekerte
b012_144,wetyerrpetyerrpe
b012_145,arlwekerarenye
b012_146,elye
b012_147,arteparlinenke
b012_148,lterrkenyele anenke
b012_149,arrempelarrenke
b012_150,artenye
b013_01,kakitatherre
b013_010,aherne kwake
b013_011,iler-ilerarrenke
b013_012,ntyenyakwertakwerte
b013_013,nyerre-nyerre
b013_014,erlwanty-anenke
b013_015,errkwennge
b013_016,arreteme
b013_017,arrempelarrenkerne
b013_018,errkewarrenke
b013_019,ntheketyarte
b013_02,anye
b013_020,ilpwe
b013_021,alharrkwe
b013_022,enmwelye
b013_023,ilpere
b013_024,elperle
b013_025,akenke
b013_026,errweperte
b013_027,ahapertewe alkenhe
b013_028,arrparrenke
b013_029,arnerre
b013_03,arrwempe
b013_030,etelarenke
b013_031,artnwep-artnwepe
b013_032,artepelpaye
b013_033,payepaye
b013_034,lhaytenke
b013_035,eltyante
b013_036,akwelye
b013_037,arrkerarre
b013_038,aherrke arlpankarreyern-alpenke
b013_039,kartnwenthe
b013_04,akerreteke
b013_040,akayele akenke
b013_041,errkwer-errkwere
b013_042,antayele aperinenke
b013_043,tyekertatheke
b013_044,wantarrenke
b013_045,etepenhe
b013_046,parlkwenke
b013_047,alkerelaperte
b013_048,arlweye
b013_049,kalate
b013_05,tyerte-tyerte
b013_050,ilkerrty-ilkerrtye
b013_051,enterr-enterre
b013_052,arrwekel-arrwekele
b013_053,ake kwenele
b013_054,tywengerlenke
b013_055,ahentye arrkayarrenke
b013_056,arrilpenke
b013_057,alite
b013_058,arntap-arntap-eletnhenke
b013_059,antekerrake
b013_06,aheninenke
b013_060,akertewenke
b013_061,artnkenke
b013_062,enwenengke
b013_063,kwerlkarrenke
b013_064,errwanthe
b013_065,arnwerarrenke
b013_066,arrewarrenke
b013_067,arlemenye enwenke
b013_068,akaylepaylepe
b013_069,arrkwetyetye
b013_07,errele
b013_070,artnwenge
b013_071,apmenke
b013_072,arlalarrperenye
b013_073,arrenentye
b013_074,altherrke
b013_075,arrwelth-arrwelthe
b013_076,parrike
b013_077,amey-ameye
b013_078,arrkaylpe
b013_079,ampenyakake
b013_08,kwelpe-kwelpe
b013_080,etak-etake
b013_081,elpalhe
b013_082,arrenyantye
b013_083,payepe
b013_084,artiwe
b013_085,inerre
b013_086,erlwelthe
b013_087,warrke
b013_088,artelhe
b013_089,arlkethe
b013_09,ntyarrngaytnenke
b013_090,tyelkatherathere
b013_091,antapwerenge
b013_092,panikene
b013_093,alkeye
b013_094,nyaperte
b013_095,ahentyarrenke
b013_096,arlpe
b013_097,erretinenke
b013_098,kwenengenenge
b013_099,ntyeltye
b013_100,ltingkele-ltingkele
b013_101,errentarenye
b013_102,ernweltharrenke
b013_103,karlayteng-aytenge
b013_104,errkwale
b013_105,arralyarralyarrenke
b013_106,ahalyepwenge
b013_107,aremaye
b013_108,alayterane
b013_109,erlkwentye
b013_110,ililerewenke
b013_111,arrpwerle
b013_112,akeparrenke
b013_113,ampapampape
b013_114,arrimpere
b013_115,kenke
b013_116,amamerrele
b013_117,ntyelty-antyeltye
b013_118,arremarraye
b013_119,iwerrarrkwe
b013_120,nthenarre
b013_121,akeyaperte errpenke
b013_122,alenke
b013_123,erreteperrete
b013_124,enenhe
b013_125,artnpenke
b013_126,ahenge erlwelkenke
b013_127,amalty-amaltye angkenke
b013_128,ahertetye antethenenke
b013_129,lame-lame
b013_130,palepale
b013_131,alyarnpe
b013_132,lterrkenyele arrtyenke
b013_133,apmeraltye
b013_134,alwene
b013_135,lwengere
b013_136,ntyemenye
b013_137,lwemanenke
b013_138,elperterre
b013_139,arrkertinenke
b013_140,tyerre
b013_141,aleperentye
b013_142,akwerrkilpelharrenke
b013_143,arrileth-arrilethe angkenke
b013_144,ilerakwe
b013_145,areperrke
b013_146,nawe
b013_147,ahenty-ahentye
b013_148,errwem-errweme
b013_149,aywerre angkewene
b013_150,etne
b013_151,akwerrke
b013_152,arlpanke
b013_153,nyangarte
b013_154,enteny-entenye
b013_155,arlweker-arlwekere
b013_156,arrkwinenke
b013_157,errweyenenke
b013_158,ilewelewel-arrenke
b013_159,ertnweng-ertnwenge
b013_160,ltherewenke
b013_161,arrengeye
b013_162,kwetekwere
b013_163,weyatheke
b013_164,karrete
b013_165,akwely-akwelye
b013_166,iwere
b013_167,ahentye errpatye
b013_168,wapeye
b013_169,ngkweltye
b013_170,nipe-nipe
b013_171,arreme
b013_172,enkakerte
b013_173,errkwer-errkwere
b013_174,antyartele apenke
b013_175,alenye
b013_176,Ahalpere
b013_177,nthapenyarte
b013_178,arrerenty-arrerentye
b013_179,kwinterrinterre
b013_180,arralyalkere
b013_181,errkerlerrk-errkerlerrke
b013_182,ahentye tyertarrenke
b013_183,apewanenye
b013_184,nthepenharte
b013_185,akngap-akngap-arrenke
b013_186,kalpare
b013_187,akarnte
b013_188,entyerrmentyerrnge
b013_189,tywerlperre
b013_190,pantye
b013_191,arrengilenke
b013_192,artengele arenke
b013_193,akilpelhilpelhe
b013_194,perrparle
b013_195,elperl-elperle
b013_196,lwenge-lwenge
b013_197,artepelpaye
b013_198,elwilparrenke
b013_199,kaltye
b013_200,arlkarl-arlkarle
b014_01,aparte
b014_010,arrmaly-arrmalye
b014_011,panikpake
b014_012,alwengkinenke
b014_013,artnkwe
b014_014,ntelhanenke
b014_015,nthakenhe
b014_016,karte
b014_017,arraltyanenke
b014_018,imarrenke
b014_019,ntarrenke
b014_02,ilalthatweng-atwenge
b014_020,errtywalth-errtywalthe
b014_021,arrakelakele
b014_022,artnwepe
b014_023,etarrenke
b014_024,intwerelhe
b014_025,kerlangaynenke
b014_026,wentare
b014_027,arrme
b014_028,elperlperewenke
b014_029,interlpe
b014_03,tyepetye-tyepetye
b014_030,akanpere
b014_031,lterrpelhaylenke
b014_032,alhingke
b014_033,tyelperre
b014_034,ilatenke
b014_035,tyamernarengarte
b014_036,alelaperte
b014_037,enweke
b014_038,artep-artepe
b014_039,tame-tame
b014_04,erlwalpel-atnhenke
b014_040,ertnkwenke
b014_041,akngakenke
b014_042,tyarlenyertewe
b014_043,artnte
b014_044,arrkwe
b014_045,entyeny-entyenye
b014_046,angkarr-angkarre
b014_047,wayngke-wayngke
b014_048,angketye
b014_049,kangkarrenke
b014_05,wantenke
b014_050,imererre
b014_051,angwey-angweyarrenke
b014_052,alkwite
b014_053,paylkwe
b014_054,ahene angkenke
b014_055,kwetengerle
b014_056,akinte
b014_057,arnewangke-wangke
b014_058,kwente
b014_059,akakarrel-aytenke
b014_06,elparrenke
b014_060,elkwemene
b014_061,akalperre
b014_062,etep-etarrenke
b014_063,arrelange
b014_064,arrilpankwe
b014_065,errtyartakake
b014_066,aleme
b014_067,karrinenke
b014_068,ngkerralye
b014_069,ilante
b014_07,tyangaye
b014_070,arterrenthe
b014_071,werrke
b014_072,karanenke
b014_073,errtywarrenke
b014_074,errkweremp-errkwerele
b014_075,tywerteke
b014_076,ipenke
b014_077,ntwemerr-ntwemerre
b014_078,ertntere
b014_079,arweketyarrenke
b014_08,arreparrewenke
b014_080,ethwarre
b014_081,arlte
b014_082,aletye
b014_083,etnkwelthe
b014_084,arwele
b014_085,aywerrelepenhe
b014_086,nile
b014_087,arrwely-arrwelye
b014_088,alyemp-antethenenke
b014_089,akerlperre kwathenke
b014_09,aytnane
b014_090,arapeke
b014_091,ahenge
b014_092,alemelayethe
b014_093,amarre
b014_094,kwelhe-kwelhe
b014_095,ipmengapenye
b014_096,ntyelpalarrenke
b014_097,intenge
b014_098,ahene
b014_099,artnatyerre
b014_100,ilpenh-ilpenhe
b014_101,ahapertewe
b014_102,alyweketnhenke
b014_103,pengarte-pengarte
b014_104,impenhe
b014_105,althe
b014_106,alkerampe
b014_107,ake
b014_108,alkenhe
b014_109,artepemperrnge
b014_110,arnengerre
b014_111,ilperletyewenhe
b014_112,errwangere
b014_113,amperne
b014_114,arrempelinenke
b014_115,arralkelhaylenke
b014_116,elharrenke
b014_117,lwemelhaylenke
b014_118,annge
b014_119,artntapenye
b014_120,ngilke
b014_121,arrwekelepenhe
b014_122,artarrenke
b014_123,antengaperte
b014_124,angerl-angerle
b014_125,arrngerne
b014_126,etenke
b014_127,akwetyerretyerre
b014_128,arlkarle
b014_129,angalthene
b014_130,ntharenyarte
b014_131,alwerrngentyenke
b014_132,ahenge arrenke
b014_133,elarrenke
b014_134,ipmerlime
b014_135,angkarre
b014_136,errmale
b014_137,nyelengkwe
b014_138,karlkwerrnge
b014_139,elpwarrenke
b014_140,ngatywerlarre
b014_141,karlwe
b014_142,akarntewenke
b014_143,arrwekelepenhe
b014_144,artep-artepe
b014_145,etweke
b014_146,impalthe
b014_147,errpe
b014_148,arltwerrnhaynenke
b014_149,elere
b014_150,arntep-arntepe
b014_151,lherrpe-lherrpe
b014_152,tyerlpe
b014_153,apelye
b014_154,anterrke angkenke
b014_155,ilatnenke
b014_156,ahertetye atnthenke
b014_157,arrpwayle
b014_158,ilwenke
b014_159,apayatnenke
b014_160,werrpe
b014_161,anngeyanngele arenke
b014_162,ahene atyewenhe elpatherrantye
b014_163,lherretye
b014_164,ipipe
b014_165,perrtyenke
b014_166,nge!
b014_167,apwer-apwere
b014_168,arrelwere
b014_169,antewangkenke
b014_170,kangkere
b014_171,nthelengarte
b014_172,lwengkarenke
b014_173,arretyewe
b014_174,ahene-rtetye
b014_175,althe arrkweyenenke
b014_176,aherne errwele
b014_177,wantakerrertetye
b014_178,ntyarlentyarle
b014_179,ahernelerarre
b014_180,ilele
b014_181,itetherr-arrtyenke
b014_182,ilekaynewene
b014_183,alethele
b014_184,tyerte
b014_185,warleye
b014_186,akwetyerre
b014_187,kwepekwepe
b014_188,errngwe
b014_189,anthetye
b014_190,amperlearenke
b014_191,arlwar-arlware
b014_192,arteparenke
b014_193,artnkelye
b014_194,ike
b014_195,antay-antaye alperinenke
b014_196,arrengetwepe
b014_197,enwenge
b014_198,kwerre
b014_199,amperlanenke
b014_200,alkarte aperinenke
b015_01,etake
b015_010,ngkwernetyewenhe
b015_011,akngapetyinenke
b015_012,ilkerrtyenpe
b015_013,elperr-elperre
b015_014,kalye-kalye
b015_015,nthewartetyarte
b015_016,nkweleye
b015_017,arrtyel-arlenge apenke
b015_018,tyenengarte
b015_019,alhwere
b015_02,amperelh-aylenke
b015_020,kwetekwete
b015_021,ltetye rntwenke
b015_022,lhangkale
b015_023,arntwerr-arntwerre
b015_024,aherrke elkwerre
b015_025,errelalpe
b015_026,ilpaytenke
b015_027,akngenpe
b015_028,alkwempe
b015_029,perretene
b015_03,tyweke
b015_030,artnwengeng-artnwenge
b015_031,elhalkere
b015_032,ape
b015_033,elapenye
b015_034,akwetelhaylewene
b015_035,elpatnhenke
b015_036,werre
b015_037,alantye
b015_038,elpere
b015_039,arlante
b015_04,ilper-ilpere
b015_040,kwarte-kwarte
b015_041,partwele
b015_042,arrwarlpe
b015_043,pelangkete
b015_044,wantakerre
b015_045,arlwetye
b015_046,artwaleye
b015_047,arlpalhe
b015_048,katywertarre
b015_049,ngkenge
b015_05,arrematye rlteye-rlteye
b015_050,ahenakake
b015_051,ilpalpenke
b015_052,itnarrenke
b015_053,kwatyarle ntyenyentyenye
b015_054,pererre
b015_055,anthwekanthweke
b015_056,nyerrewanenye
b015_057,ywerrp-ywerrpe
b015_058,kwelentyerre
b015_059,lhewarenke
b015_06,wennge
b015_060,aperninenke
b015_061,arletye
b015_062,tyenarte
b015_063,aywerte
b015_064,kalampatywertatywerte
b015_065,paripe
b015_066,pentyengeyengeye
b015_067,kngwerelayethe
b015_068,arlkemale
b015_069,ltetyewenke
b015_07,ngimarre alarrewene
b015_070,ntyipere
b015_071,ilpaperinenke
b015_072,tyelkathe
b015_073,arrmarrenke
b015_074,ilpanthenwenke
b015_075,Ngamperle
b015_076,etnyenenarrenke
b015_077,antyeye
b015_078,ankeyalthe
b015_079,akemarrenke
b015_08,apanpe
b015_080,weyaperle
b015_081,etethekenpe
b015_082,ntekakarle
b015_083,karntenge
b015_084,limparrenke
b015_085,tyapelarte
b015_086,weyangkenke
b015_087,althere
b015_088,Ngalyerre
b015_089,arntap-arntape
b015_09,iterrtye
b015_090,kwementyaye
b015_091,ntate
b015_092,ahenange
b015_093,alarrenke
b015_094,akarrtyenke
b015_095,nyingke
b015_096,alekapare
b015_097,kape
b015_098,apenke
b015_099,wepe
b015_100,alperrtye
b015_101,kaltyinewene
b015_102,lterrpe
b015_103,lhenpe
b015_104,akepaynenke
b015_105,arrewarrtyente
b015_106,elepe
b015_107,pampewe
b015_108,nterrnge
b015_109,etnkenke
b015_110,arlatne
b015_111,alyeyel-alyeyelarrenke
b015_112,ngarrpe-ngarrpe
b015_113,anngey-anngeye
b015_114,alem-aleme
b015_115,ilkerrtye
b015_116,ilkelke
b015_117,Ngampe-ngampe
b015_118,elyeme
b015_119,artwilaylenke
b015_120,aytnarrenke
b015_121,errke
b015_122,apmwerne
b015_123,arlerrke
b015_124,akwerrepenhe
b015_125,yaperinenke
b015_126,akathenke
b015_127,tyelakerre
b015_128,antetherrke
b015_129,aherrke rwengekele
b015_130,enwepenhe
b015_131,akwerre
b015_132,artepewenyerre
b015_133,arlwetyer-arlwetyere
b015_134,kalart-kalyarte
b015_135,ilke
b015_136,aherrile
b015_137,angkarleparle etnyenke
b015_138,wimparre
b015_139,tyelarte
b015_140,errker-errkere
b015_141,wawe
b015_142,arlkarlkere
b015_143,ahentyepenhe
b015_144,artengele apenke
b015_145,akarntety-arntetye
b015_146,arrkipere
b015_147,ararre
b015_148,lerrpe
b015_149,artnekwene
b015_150,errtywerne
b015_151,aperengelengele
b015_152,itelhe
b015_153,errketnhenke
b015_154,ngantate
b015_155,kwememaylenke
b015_156,inenke
b015_157,alketh-alkethe
b015_158,ngketharrpe
b015_159,tyelkenhe
b015_160,eltyemanenke
b015_161,arrtyernentye-ngareye
b015_162,etnthe
b015_163,nyerralthe
b015_164,iwerre
b015_165,elkerte
b015_166,etntyaytenke
b015_167,arelp-arelpe
b015_168,errkerlerrke
b015_169,arelpe
b015_170,kwelenge
b015_171,apmwelye
b015_172,ngkwerne
b015_173,arlwar-anenke
b015_174,inteng-intenge
b015_175,pawetye
b015_176,kilpangkwerle
b015_177,wangkenke
b015_178,karleyakwerre
b015_179,arrkit-arrkite
b015_180,arlemenye rntwenke
b015_181,amimpe
b015_182,arlwekere
b015_183,akarltere
b015_184,ampenye
b015_185,ntheparrenke
b015_186,akenganyimpe
b015_187,erretne
b015_188,arteparneme
b015_189,arralkelatnharrenke
b015_190,lkwarreye
b015_191,ngarte-ngarte
b015_192,aherrentyenke
b015_193,arrtyepenhe
b015_194,alhilenke
b015_195,lim-alime
b015_196,arlety-arletye
b015_197,aleye
b015_198,kwerepeltye
b015_199,aherretye
b015_200,artnkwerreye
b015_201,artnwere
b015_202,ertnwentenke
b015_203,artwante
b015_204,tyelatherrarte
b015_205,akertetye
b015_206,pape
b015_207,tyamernelarlengarte
b015_208,lhakenke
b015_209,kert-arenke
b015_210,artnwere
b015_211,arlitarre
b015_212,arrngaytenke
b015_213,elhenge errpengarenke
b015_214,elkwelh-aylenke
b015_215,kalapemaylenke
b015_216,arrerewarrere
b015_217,aharlkwerre
b015_218,iterrk-iterrke
b015_219,errennge
b015_220,akalperrty-alperrtye
b015_221,Altyerrelampenye
b015_222,anwentarrenke
b015_223,etnteyarenye
b015_224,arrematye rlteye-rlteye
b015_225,artnterrke
b015_226,ngkeyenge
b015_227,erlwilpenke
b015_228,pelawe(quiet)
b015_229,enterrentye
b015_230,arlkerle
b015_231,etnkwelthelayethe
b015_232,errwewak-errwewake
b015_233,aherrke atnywelp-atnywenke
b015_234,Ngampeyarte
b015_235,apmerlerre
b015_236,ahernelapenye
b015_237,kanyengarre
b015_238,akerlite
b015_239,arntetye
b015_240,karlekwete
b015_241,arrwetnenge
b015_242,akampe
b015_243,enkwannge
b015_244,erlwethenpe
b015_245,arlwetyere
b015_246,ntyarlkarlenye
b015_247,erlwenginenke
b015_248,anter-antethenenke
b015_249,aherrke aylparanenke
b015_250,pelawele
b015_251,arrenge rntwenke
b015_252,penangkarle
b015_253,yalpinenke
b015_254,alim-alime
b015_255,errtyarte
b015_256,apapenye
b015_257,apenkerne
b015_258,kwenempwe
b015_259,ahernearle altyerre ampilenke
b015_260,ertnwe
b015_261,aharlperre angkenke
b015_262,angkerretnhenke
b015_263,nteltye
b015_264,arlilp-arlilpe
b015_265,kwerrkwerrke
b015_266,nyarle
b015_267,anpanpetnhenke
b015_268,arrtyatnarrenke
b015_269,ltywere-ltywere
b015_270,ilparrenke
b015_271,angwerrerlenye
b015_272,lharrkentye
b015_273,aywerre
b015_274,elpethaytenke
b015_275,anatyelepwerreye
b015_276,tyelamernarte
b015_277,ahernengkilere
b015_278,artwaleye
b015_279,etntyarrpe
b015_280,pwinenke
b015_281,arrelperr-elperre
b015_282,etnewenke
b015_283,ntharengarte
b015_284,tyinenke
b015_285,ntingkare
b015_286,arrangkakwenke
b015_287,Ahathe
b015_288,perrkaltye
b015_289,tyarreraye
b015_290,tye
b015_291,ilpanteyane
b015_292,artetyengkwarle
b015_293,kalarrangkerne
b015_294,kalte
b015_295,enwekele
b015_296,ngkweratilpe
b015_297,ahentye atnhakerte
b015_298,kwatye-kwatye
b015_299,erlwelkenke
b015_300,entenye
b015_301,arlterrnge
b015_302,ampwe
b015_303,antharle
b015_304,lkwarrer-arrpwernenhe
b015_305,tyamemaylenke
b015_306,karlateye
b015_307,errmetyene
b015_308,arterrke
b015_309,ahenaytenye
b015_310,ytneng-aytnenge
b015_311,arntalkwe
b015_312,artetyarenye
b015_313,ahenep-ahenepe
b015_314,wenge-wenge
b015_315,ahenangkere
b015_316,artetyengkwarle
b015_317,arrwelthe
b015_318,tyarenyarte
b015_319,tyewenape-tyewenape
b015_320,aherrke eletnhenke
b015_321,ntyeyampe
b015_322,artepe
b015_323,intarenke
b015_324,ipmengewanenye
b015_325,ahertetye eletnhenke
b015_326,ahentyenpe
b015_327,layte
b015_328,arretyele
b015_329,arrilp-arrilpe
b015_330,akarlpalpe
b015_331,artepewenyerre
b015_332,arltwe
b015_333,arinenge
b015_334,artnmenye
b015_335,ltetyarrenke
b015_336,arleperlterrke
b015_337,artntwenke
b015_338,arnwekety-arnweketye
b015_339,ngkwarlamaynteye
b015_340,artepelayethe
b015_341,antay-antaye aperinenke
b015_342,apange
b015_343,elkwerr-elkwerre
b015_344,aherrke arlkarle
b015_345,aret-arete
b015_346,antyenke
b015_347,karntayarrenke
b015_348,apmwepenhe
b015_349,arnkenty-arnkentye
b015_350,arrilpe
b016_01,itelarre
b016_010,alethewathathe
b016_011,arlelpe
b016_012,errwatenke
b016_013,alpeyart-alpeyarte
b016_014,ilpwer-ilpwere
b016_015,entwethenenke
b016_016,anker-ankere
b016_017,ntelhe-ntelhe
b016_018,ipmenge
b016_019,kamele
b016_02,anparrenke
b016_020,ahaympentye
b016_021,tyeletyelewenke
b016_022,lwemparenye
b016_023,erlkwerrpe
b016_024,artnweyenenke
b016_025,anenye
b016_026,ilante entweyane2
b016_027,Tyaname
b016_028,wange-wange
b016_029,kwelarte
b016_03,artetyentyere
b016_030,aytenke
b016_031,ahernarle atnywenke
b016_032,nthangkerrarte
b016_033,kakwerte
b016_034,ntyeyaperte
b016_035,impimpe kwathenke
b016_036,arrnginenke
b016_037,apeyawe!
b016_038,tyakatherre apenke
b016_039,nterrparepenhe
b016_04,angket-angkete
b016_040,arlengarr-arlengarre
b016_041,ahernele kwenenge
b016_042,arrkertarrenke
b016_043,arnkerrthe
b016_044,aherrkarenge
b016_045,artenyarenye
b016_046,kwayekwaye
b016_047,parrtyenke
b016_048,apenge
b016_049,alyeyele artnpenke
b016_05,ntyerrakwe
b016_050,kwenyele-kwenyele
b016_051,payemaleme
b016_052,enterrke
b016_053,ngkelthele
b016_054,arlanenke
b016_055,Ngangkarle
b016_056,erwe
b016_057,tyelyetyelye
b016_058,tyweretye-tyweretye
b016_059,erreparle
b016_06,aretharre
b016_060,kwetnamerne
b016_061,anherreye
b016_062,pelarre
b016_063,Watyale
b016_064,lthenpe
b016_065,tyewarte
b016_066,akngwerte
b016_067,altwerlenye
b016_068,arrelkartepwenke
b016_069,alhwenge
b016_07,ahewinenke
b016_070,akeparrtyenke
b016_071,errngerrnge
b016_072,artnatyerr-artnatyerre
b016_073,ilwel-ilwele
b016_074,artengaylperre
b016_075,enkepenhe
b016_076,akelperr-elperre
b016_077,errkweng-errkwenge
b016_078,arlilp-angkenke
b016_079,arnanginenke
b016_08,nhenhengarte
b016_080,alpite
b016_081,akarnnge
b016_082,erlwilpere
b016_083,penge
b016_084,nhape
b016_085,erntwerre
b016_086,tyewalhe
b016_087,tyalye
b016_088,akertety-akertetye
b016_089,ankeyangkere
b016_09,nyape
b016_090,Tyakarre
b016_091,erreyakwerre
b016_092,kwenpaye
b016_093,eltarewenke
b016_094,errpenke
b016_095,ilpertnkenke
b016_096,angkwerr-eletnhenke
b016_097,ilpenkenye
b016_098,artengaylperre
b016_099,artnkatye
b016_100,parawe
b016_101,erlkwenke
b016_102,ahertetye apenke
b016_103,tywekere
b016_104,arlperlampe
b016_105,karrarrampe
b016_106,karrapennge
b016_107,kapetye
b016_108,antilakake
b016_109,ahereknginenke
b016_110,etnyenke
b016_111,intetyeng-intetye
b016_112,ikwintenge
b016_113,lerranenke
b016_114,arawarrenke
b016_115,akewethewe
b016_116,angwerle
b016_117,parlerrpeletnhenke
b016_118,npernpe kwathenke
b016_119,anatye
b016_120,errparte
b016_121,aketnpe
b016_122,erretnhenke
b016_123,ararrparrenke
b016_124,errpatyelayethe
b016_125,anteng-antenge
b016_126,ahertetye aytnenke
b016_127,aherrke kngwere
b016_128,errpalerrpetnhenke
b016_129,akeyelarrenke
b016_130,ahentyele akenke
b016_131,amerre
b016_132,ahapertewe erlwe
b016_133,ampeyampe
b016_134,elkwe
b016_135,amile
b016_136,ipmangkwere
b016_137,kalkarenge
b016_138,akemanenke
b016_139,paympelhe
b016_140,amenpewarrenke
b016_141,akarletye
b016_142,aherne akarnte
b016_143,arretharrenke
b016_144,arlenge
b016_145,kakweke
b016_146,pertipelawe
b016_147,aritarerrantye
b016_148,ilpelperrenge
b016_149,ingwerarr-ingwerarre
b016_150,amentyinenke
b016_151,artetye
b016_152,arrinte
b016_153,ahentye kwene
b016_154,arlkwerrnge
b016_155,alenentye
b016_156,kwethe-kwethe
b016_157,arntwaylenke
b016_158,etnpewenke
b016_159,ntyarle
b016_160,tyakerte
b016_161,lterrpe-lterrpe
b016_162,amathenge
b016_163,tyarlarre
b016_164,artnke
b016_165,kwantharrtyenke
b016_166,panthe
b016_167,apeye
b016_168,pantyarlpe
b016_169,arnweketye
b016_170,akwepenhe
b016_171,arntarrtyenke
b016_172,kamantharre
b016_173,imew-imewe
b016_174,aherr-aherrel-arrenke
b016_175,arntwenginenke
b016_176,npernpe
b016_177,kngerrake
b016_178,alyepe
b016_179,ahene malangke
b016_180,karnteng-akarntenge
b016_181,nwekawarre
b016_182,ankeye
b016_183,enape
b016_184,errwepere
b016_185,ahenge ipmarrenke
b016_186,elitne
b016_187,errtywengapenke
b016_188,itntenke
b016_189,errweng-errwenge
b016_190,pate
b016_191,akngwepange
b016_192,alepetyenke
b016_193,ertwanngarrenke
b016_194,ertwepe
b016_195,ertwe
b016_196,errkwentye
b016_197,amatheng-amathenge
b016_198,ngkerrke-ngkerrke
b016_199,tyepenharte
b016_200,aherrke akwernenhe
b016_201,kwerray-apenke
b016_202,aherrk-aherrkele
b016_203,errkwengele
b016_204,anthwele
b016_205,lterrth-lterrthe
b016_206,arnanpe
b016_207,errakere
b016_208,kalyeyampe
b016_209,artnwerrenke
b016_210,aherne apanpe
b016_211,alwerre
b016_212,elenge
b016_213,antethenenke
b016_214,arrkentye
b016_215,anthime
b016_216,erntenke
b016_217,kwenpaye
b016_218,penhamperle
b016_219,iterrke
b016_220,arrantyetyantyenge
b016_221,errante
b016_222,erlpetye
b016_223,arntarntarenke
b016_224,tyetye
b016_225,ampwale
b016_226,arrkentye
b016_227,ltare-ltare
b016_228,kwelekweke
b016_229,angenke
b016_230,amperrnge
b016_231,apayarrtyenke
b016_232,ahapertewe arrenke
b016_233,ahene arrenke
b016_234,Ngamane
b016_235,alperre
b016_236,peretye-peretye
b016_237,intemaperte
b016_238,tywetye
b016_239,kangethweke
b016_240,amelyewenke
b016_241,areng-arenge
b016_242,artewentye
b016_243,arlepenhaylewene
b016_244,nthakerre
b016_245,ahentyarle arrtyenke
b016_246,antyityerre
b016_247,ilkentye
b016_248,tyatye
b016_249,nyetherrarte
b016_250,tyanywenge
b016_251,arteperrkwer-errkwere
b016_252,errkerrkewenke
b016_253,pakereye
b016_254,tyenkerre
b016_255,aytnathenke
b016_256,ilale-rntwenke
b016_257,pelpe-pelpe
b016_258,erntwere
b016_259,arenke
b016_260,ngkwernarlepenhe
b016_261,eleterrekamekame
b016_262,itarre
b016_263,arekeny-arekenye
b016_264,lerrperetye
b016_265,yerlaperinenke
b016_266,aherne
b016_267,arlwenthe
b016_268,aherretye erlwe
b016_269,areltye
b016_270,etnngeny-etnngenye
b016_271,pelyakwe
b016_272,kanty-kantye
b016_273,ntywerre
b016_274,weyalyerre
b016_275,lwengeretherre-lwengeretherre
b016_276,aherrke arlpankarrenke
b016_277,apwelhe
b016_278,elhatnwerrethe
b016_279,ngkwenke
b016_280,akekngwerinenke
b016_281,pantetye
b016_282,artnke
b016_283,ahapertewe akantye
b016_284,kwelyelyarrenke
b016_285,arnathe
b016_286,kngwere-kngwere
b016_287,tyarengarte
b016_288,alerrke
b016_289,arrnge
b016_290,elwe
b016_291,karlerrkwe
b016_292,anamewe
b016_293,aywerlenite
b016_294,ngertarrenke
b016_295,pelpe
b016_296,alwengayenke
b016_297,entyeng-entyele
b016_298,artewentye
b016_299,elpertelhe
b016_300,ankerte
b016_301,alewe!
b016_302,arrngerrnge
b016_303,lwengkelpathenke
b016_304,tyelarlenge
b016_305,artewapinenke
b016_306,arrke
b016_307,angke
b016_308,layne
b016_309,amatyeng-amatyenge
b016_310,amarrke
b016_311,twetwetayerre
b016_312,ipmarewanenke
b016_313,arineng-arinenge
b016_314,wenhe
b016_315,antere
b016_316,akwelarre
b016_317,etnkwelth-etnkwelthe
b016_318,arlwere
b016_319,kwere
b016_320,kampethe
b016_321,errwarenke
b016_322,ahanterreng-ahenterre
b016_323,angkwerey-angkwereye
b016_324,kikarre
b016_325,akey-akey-enteyane
b016_326,ertwep-ertwepe
b016_327,ertnwenke
b016_328,arremparrange
b016_329,artaly-artalye
b016_330,ntyerre
b016_331,ilelthe
b016_332,arlter-arltere
b016_333,aherne intenye
b016_334,ngwetyanpe-ngwetyanpe
b016_335,enngerre
b016_336,ilpwarrenke
b016_337,tyepetye
b016_338,ampenge
b016_339,artaly-artalye
b016_340,watyemaylenke
b016_341,eltenke
b016_342,nywerrpe
b016_343,ikngethe
b016_344,elperrenwenke
b016_345,Tyapalye
b016_346,akerlit-akerlite
b016_347,perantemaylenke
b016_348,warenke
b016_349,arraylentye
b016_350,arremparrange
b017_01,alitarre
b017_010,alyarrentye
b017_011,artwintele
b017_012,ahewe enthwenke
b017_013,ngkwantyarrenke
b017_014,ngkerrke
b017_015,tyaynte
b017_016,tyangkwerre
b017_017,errweperre atenke
b017_018,atntatherre
b017_019,ikwele
b017_02,tyweretye
b017_020,enpetye
b017_021,nthepelengarte
b017_022,errwerarrenke
b017_023,karnewilkere
b017_024,yaye
b017_025,ntyerrnge-ntyerrnge
b017_026,akarntetyarrenke
b017_027,erretarrenke
b017_028,tyetyangkenke
b017_029,perrtye
b017_03,elhaltywere
b017_030,amek-ameke
b017_031,ele
b017_032,aherne kngwere
b017_033,kweremite
b017_034,arlewatyerr-arlewatyerre
b017_035,erlwerlkenye
b017_036,anaty-anatye
b017_037,iteye
b017_038,ingwe
b017_039,tyeketyarte
b017_04,kwethe
b017_040,kwenke
b017_041,kamparengkwe
b017_042,ertwathenke
b017_043,ampeyamp-ampeyampe
b017_044,enterrk-enterrke
b017_045,amernte
b017_046,angkenke
b017_047,parlarlikwe
b017_048,ltemarle
b017_049,tywetyerrnge
b017_05,arratye
b017_050,Tywerlame
b017_051,ngapete
b017_052,akwelherre
b017_053,elweye
b017_054,amel-amele
b017_055,tyetyayerre
b017_056,ilpilenke
b017_057,ertwampenke
b017_058,altwerle
b017_059,amengele
b017_06,erltwe
b017_060,aherrke rnterarrenke
b017_061,tyamernapenyarte
b017_062,errkenke
b017_063,alherrkwe
b017_064,alaye
b017_065,pertilenke
b017_066,entetherre
b017_067,ahe pwitinenke
b017_068,apelapenke
b017_069,aherrkew-arelhe
b017_07,ame
b017_070,erlwe
b017_071,apew-apewe
b017_072,kaltyarenye
b017_073,alyelke
b017_074,tyweketyweke
b017_075,Altyerrampenye
b017_076,artapere
b017_077,eleleke
b017_078,ahertetye atnarrenke
b017_079,anenke
b017_08,altyeye
b017_080,kaperl-kaperle
b017_081,enwe
b017_082,ahaytenke
b017_083,arengelarlenge
b017_084,ilalthe
b017_085,arlperle-ngkwarle
b017_086,amaltyanenke
b017_087,kwerlpe-kwerlpe
b017_088,elwewake
b017_089,ngkwartetye
b017_09,kwetemale
b017_090,alele
b017_091,aytnep-aytnarrenke
b017_092,ilante entweyane
b017_093,ngkewaye
b017_094,arlepe
b017_095,arletnyenke
b017_096,entyenye
b017_097,etneyarre
b017_098,errwampenke
b017_099,alekert-alekerte
b017_100,kwelkarte
b017_101,ntyerrarrtyenke
b017_102,alkeyenenke
b017_103,ngwike
b017_104,kapelarenke
b017_105,errwewanth-errwewanthe
b017_106,kalat-kalate
b017_107,yewe-yewe
b017_108,aparre
b017_109,alther-althere
b017_110,altyarrenke
b017_111,ketyeletyele
b017_112,arlelke
b017_113,paylpe
b017_114,alaletnhenke
b017_115,apite
b017_116,parretete
b017_117,itentye
b017_118,etnngenye
b017_119,ltware-ltware
b017_120,ahentyel-arenke
b017_121,arretyewarle
b017_122,aywerle
b017_123,altyanenke
b017_124,perame
b017_125,tyakakarte
b017_126,antethe
b017_127,alhwer-alhwere
b017_128,ngalalaye
b017_129,eletnhenke
b017_130,yalpe-yalpe
b017_131,arrwerinenke
b017_132,ntyere
b017_133,ngkweyange
b017_134,ahentye
b017_135,ilkere
b017_136,arlerarrenke
b017_137,lerrpe-lerrpe
b017_138,alpit-alpite
b017_139,ampeny-ampenye
b017_140,lepele
b017_141,peyakaperte
b017_142,erlkwerrp-erlkwerrpe
b017_143,ahentyewanenye
b017_144,rlwewe atnenke
b017_145,aherne metyaytnenke
b017_146,aherrke atnetharlethele
b017_147,penhintey-inteye
b017_148,errenty-etnhenke
b017_149,artnweng-artnwenge
b017_150,enkarte
b017_151,anthwengarrenke
b017_152,elwewanthe
b017_153,aharlelarrenke
b017_154,kartawerrarenye
b017_155,elkeparre
b017_156,alhwenke
b017_157,alyelk-alyelke
b017_158,tyamerneketyarte
b017_159,karrarrenke
b017_160,ahentyenpe anteyane
b017_161,lerrthanenke
b017_162,arlelk-arlelke
b017_163,ernwe
b017_164,itet-itetet
b017_165,ilpetye
b017_166,arrkare
b017_167,aralke
b017_168,errpelthe
b017_169,aherteme
b017_170,apmwe
b017_171,eltye
b017_172,akwetyakwaylenke
b017_173,errwentere
b017_174,alperrty-alperrtye
b017_175,arrantye
b017_176,elke
b017_177,anpatyarrenke
b017_178,arretyewarle
b017_179,arlwar-atnenke
b017_180,akwertelhe
b017_181,entyerrenenke
b017_182,tyerrimpe
b017_183,ahentyewanenyarrenke
b017_184,interalwenke
b017_185,arlkertewe
b017_186,arlkerrke
b017_187,antharlkwe
b017_188,elpenke
b017_189,amperelhe-rntwenke
b017_190,etetnyenke
b017_191,elwewenhanthe
b017_192,arnpane
b017_193,tyewarlarte
b017_194,alyweletnhenke
b017_195,amper-ampere
b017_196,arretyarenge
b017_197,iteranteyane
b017_198,iparenke
b017_199,amew-amewe
b017_200,nyerrewapenke
b017_201,arlewenpe
b017_202,ngwentye-ngwentye
b017_203,werrpewerrpe
b017_204,arlwenth-arlwenthe
b017_205,kertare
b017_206,tyete
b017_207,ipmarrenke
b017_208,iperte
b017_209,aherrke ayteyayne
b017_210,yekaye
b017_211,ntharlarte
b017_212,aherretangke
b017_213,erlwantyarenke
b017_214,enngerr-akwernenhe
b017_215,tyake
b017_216,ikelhe
b017_217,ilepere
b017_218,kwenenge
b017_219,antyalkenhe
b017_220,anwengere
b017_221,ake atnawerre
b017_222,kartake
b017_223,aherrke kngwerele aherrke kngwerele
b017_224,lete-lete
b017_225,errpaty-errpatye
b017_226,nyarrepange
b017_227,enperte
b017_228,angkwerrelthelaytenke
b017_229,arrewengampenye
b017_230,akep-akathenke
b017_231,arrangalthenke
b017_232,nthenayne
b017_233,alwenke
b017_234,ikngethetnkenke
b017_235,itanenke
b017_236,alkere
b017_237,inewarre(iniwarre)
b017_238,erreke
b017_239,apelpapenke
b017_240,kwentharre
b017_241,errkentye
b017_242,aherr-aherre
b017_243,arrelyaylenke
b017_244,apilk-apilke
b017_245,ngawerre
b017_246,kwerentye
b017_247,ntyerlpinenke
b017_248,tyamernangkerarte
b017_249,ahapertewe akwerrke
b017_250,akwerelhaylenke
b017_251,ahentye
b017_252,arrarletye
b017_253,tyapeyarte
b017_254,alatyite
b017_255,arengkel-anenke
b017_256,ye
b017_257,angkelpathenke
b017_258,kalawerre
b017_259,tyilpe
b017_260,arntarrkerte
b017_261,nthate
b017_262,tyetheyarte
b017_263,nthelengakake
b017_264,elpathenke
b017_265,kwenemarnte
b017_266,Tyangkarle
b017_267,perarre
b017_268,akwethinenke
b017_269,lthenpe-lthenpe
b017_270,arengkilparte
b017_271,elparnkwere
b017_272,perlape-perlape
b017_273,kwerrpare
b017_274,arrenke
b017_275,lhampe
b017_276,aherne alarrenke
b017_277,etyenke
b017_278,arrangarenke
b017_279,lete
b017_280,alyey-alyeye
b017_281,ngkwarle
b017_282,karntape
b017_283,arrarr-atnenke
b017_284,arleth-arlethe
b017_285,altyeleye
b017_286,tyilpe-tyilpe
b017_287,ntyarlkwe
b017_288,warewarrenke
b017_289,etntyerewenke
b017_290,errwele
b017_291,enkartele arenke
b017_292,ahenge erlwelkelayenke
b017_293,kwemarre
b017_294,akepe anenke
b017_295,ahentye anenke
b017_296,elpertaylenke
b017_297,elhangkwerre
b017_298,elhanenhe
b017_299,arinarre
b017_300,antyekantye
b017_301,nterrparewenke
b017_302,aleraperapere
b017_303,antyarne
b017_304,arnerrkenke
b017_305,nyerre
b017_306,errewe
b017_307,enkaylte
b017_308,alhwete
b017_309,altye
b017_310,ahenge intemarte
b017_311,arrwerinenke
b017_312,elpay-elpaye
b017_313,aherrkelaperte
b017_314,errkwe
b017_315,amenge
b017_316,antengetheye
b017_317,enye
b017_318,arrewengampenye
b017_319,ingkerlingke
b017_320,elteng-anenke
b017_321,akelthelelthele
b017_322,alkwit-alkwite
b017_323,errparlerrpeletnhenke
b017_324,itewe
b017_325,ahe
b017_326,arlpimparrenke
b017_327,ntyarleyarlenge
b017_328,ipe
b017_329,akarntarrtyenke
b017_330,ipelhipe
b017_331,ntyerne
b017_332,apmwere
b017_333,inteme
b017_334,alkwemp-alkwempe
b017_335,tyapertemaylenke
b017_336,apele
b017_337,nthelakerre
b017_338,althilenke
b017_339,Tyangkwe
b017_340,ilpe
b017_341,alepalhe
b017_342,arlwerrentyenke
b017_343,nthewarte
b017_344,ahern-aherne
b017_345,ltyeltyerre
b017_346,kalikwe
b017_347,tyaperatye aynenke
b017_348,arler-arlere
b017_349,akerrnge
b017_350,akngkwerne
b018_01,ngkerte-ngkerte
b018_010,amperanenke
b018_011,ilawe
b018_012,kartate-kartate
b018_013,akarre
b018_014,apinte
b018_015,tyelengarte
b018_016,aknganenhe
b018_017,enkwarenye
b018_018,aherne arlpawe
b018_019,nywetepe
b018_02,kartawerre
b018_020,aherrke kelye
b018_021,ahererre artntwenke
b018_022,akwerr-akwerre
b018_023,kweke
b018_024,ngkerte
b018_025,tyenge
b018_026,ilel-ilele
b018_027,elhe
b018_028,arntenke
b018_029,amare
b018_03,tywerrke
b018_030,aparle
b018_031,kwetnkenke
b018_032,artnangke
b018_033,alewertame
b018_034,alwengke
b018_035,angerange
b018_036,ilere
b018_037,kwert-akwerte
b018_038,arrkngert-arrkngerte
b018_039,etnpenke
b018_04,ake artnweyenenke
b018_040,arnalke
b018_041,ake ngkwerne
b018_042,aherneletherre
b018_043,kerrekerre
b018_044,ahapertewe rlengke
b018_045,alyemp-alyempe
b018_046,arntepetyerre
b018_047,ameye
b018_048,akekngwerarrerane
b018_049,errtywarr-artntenke
b018_05,aherrke
b018_050,ikanenke
b018_051,nhetherrarte
b018_052,aname
b018_053,akwenke
b018_054,perrnyaytenke
b018_055,arlpank-arlpanke
b018_056,walaymperre
b018_057,arake
b018_058,ntaylenke
b018_059,aherne alenyepenhe
b018_06,errwantyenke
b018_060,alywelpe
b018_061,aleke
b018_062,enwele
b018_063,arrkngert-arrkngerte
b018_064,kwenekwene
b018_065,elkwerre
b018_066,ethwe
b018_067,ilpwerr-ilpwerre
b018_068,ankwetye
b018_069,aherne arlpanke
b018_07,arne
b018_070,kartetye-kartetye
b018_071,wetyenye
b018_072,antekerrepenhe
b018_073,errkere
b018_074,aretherr-aretherre
b018_075,ake arntetye
b018_076,tyetyelarrenke
b018_077,erlkerrtye
b018_078,perantarrenke
b018_079,ngayele-ngayele
b018_08,entyarenge
b018_080,arntwekeltherre
b018_081,erlwengk-arenke
b018_082,kalapetnhenke
b018_083,itetherranenke
b018_084,kaperle
b018_085,elerrenye
b018_086,errkert-errkerte
b018_087,errwake
b018_088,antengetheyakake
b018_089,apint-apinte
b018_09,arlkerre
b018_090,alanye
b018_091,aytnenke
b018_092,arralpeletnhenke
b018_093,kwenteltye
b018_094,alyeye
b018_095,aherrke ikngke
b018_096,arntayle
b018_097,kngerrake-kngerrake
b018_098,perenpethe
b018_099,alwengkel-arrenke
b018_100,arre
b018_101,karlatwerreye
b018_102,ilpangapenke
b018_103,werrtye-werrtye
b018_104,eltyarrenke
b018_105,ikwe
b018_106,etwengetaylenke
b018_107,altyerrinenke
b018_108,tyamwerle
b018_109,antyenye
b018_110,alerte
b018_111,ahentye etarrenke
b018_112,pelikante
b018_113,akewentyenke
b018_114,antayele alperinenke
b018_115,tyelangkenke
b018_116,elper-elpere
b018_117,apertangkwerle
b018_118,arlwerr-arlwerre
b018_119,kweyakareye
b018_120,kerrkerlantye
b018_121,errwangke
b018_122,ntethe
b018_123,apmerewartweye
b018_124,perrnyilenke
b018_125,tyekerte
b018_126,errweltye
b018_127,impalkerte
b018_128,ntyarlpwenke
b018_129,akwetyerrpenke
b018_130,ahenaperte
b018_131,arlethayte
b018_132,petikwete
b018_133,warekitinenke
b018_134,arelp-alarrenke
b018_135,arlke
b018_136,elewerre
b018_137,kwake-kwake
b018_138,anpew-anpewe
b018_139,antyarlke
b018_140,kartelkwarre
b018_141,kngwarrey-kngwarreye
b018_142,erlkwantye
b018_143,ikemike
b018_144,ngelyawelyawe
b018_145,alanty-alantye
b018_146,elpalh-elpalhe
b018_147,ahernelatherre
b018_148,yerrkeyerre
b018_149,nte
b018_150,ahentye mwelperre
b018_151,antengetherrinenke
b018_152,arlperrepentye
b018_153,anthiparre
b018_154,nthepelarte
b018_155,akapenke
b018_156,entyaynenke
b018_157,amethenhe
b018_158,alalinenke
b018_159,eletetherrpe
b018_160,arrapertarrenke
b018_161,nthelarlengarte
b018_162,artnangke
b018_163,aherr-aherrarenke
b018_164,antywerlenye
b018_165,ikelh-ikelhe
b018_166,Altyerrepenhe
b018_167,arleltye
b018_168,amele
b018_169,m
b018_170,errpel-arenke
b018_171,arritne
b018_172,warakine
b018_173,erlwengarrenke
b018_174,eltyemerneye
b018_175,ilpengke
b018_176,akerlkenke
b018_177,ngkwepeye
b018_178,ngamperrpe
b018_179,arlemenye
b018_180,angkwetye
b018_181,aleyake
b018_182,kwerrnge
b018_183,arnewety-arnewetye
b018_184,anngente
b018_185,key
b018_186,arneltye
b018_187,kalyarre
b018_188,tyekarnparnpe
b018_189,wantewarte
b018_190,nyamenyame
b018_191,aherrke-aherrke
b018_192,etnpenh-etnpenhe
b018_193,antywarrm-antywarrme
b018_194,nthewartweyarte
b018_195,errpatye
b018_196,enwekel-enwekele
b018_197,akeley-akeleye
b018_198,Tywekertaye
b018_199,kwerentye-kwerentye
b018_200,arerre
b018_201,alethewatnenke
b018_202,apmere
b018_203,arelyerrtye
b018_204,tywetywetye
b018_205,lwepelaytenke
b018_206,ikere
b018_207,ilwekere
b018_208,inteltye
b018_209,kanpe
b018_210,ankerretye
b018_211,tyenamernarte
b018_212,alekenhenge
b018_213,ake anthwek-anthweke
b018_214,wampere-wampere
b018_215,altyerrarenge
b018_216,errant-errante
b018_217,ntelyapelyape
b018_218,ahentye malangke
b018_219,parretye
b018_220,kwenparre
b018_221,ywerrpe
b018_222,tyayeketyaye
b018_223,antywempe
b018_224,ltare
b018_225,kwerretyetye
